idImage,image
1,QmcEc2w3MuUxFwqJM5W7okGxW3zzm8QZMXu1DMbixkWzjE
2,QmajDjNfS2SQgvodAzkfXvycVsXPLgSFyZJwwSddDaqPnj
3,QmaDJo4kyLLi3fV237BhDvpsXRdKczQ4AunJgY63QxqFuW
4,QmbWBSnDWdukT7rCcWeMkP8zTqTRAiKKm8QZ4Cy8woRU7o
5,QmUCE9SsPHb8m6xPeYgXyQKtfdJyVnBwqV9yX7YhB9uSPm
6,QmSrmc2Qx95JuW7s11pqisKJMdRYbxPCYVDhh4Wrpb6zTi
7,QmcdF2FvuywPbHPswyepJs4tZo7mZVRhfGkQgq84T1LRxE
8,QmXgU31s5B8g8DiZC3dBVbxLz6vnXfLnSmP7N6Mg1jeJ9a
9,QmaCphzRHSSyL9WdfiUkRbhqwCheJ1V7Up4hHocaixUnz3
10,QmWAmkzxEeMCgSFs6yYXf6qCf9v1AejCV9HpuMDnzBtVqN
11,QmeLJdej9RtqSz9TFdVg74isko8PNidRUr1rPg5AWnwLTM
12,QmTmv5DEdsw2sdvxH4FRfz34bmdDVTaCNtCGXHZt6JSGse
13,QmR8pi95aYNAZBG83bb2Q9XMjaFwANrtkSaBViY6TF4WHs
14,QmUpNCeap6BXdLoZXDjA2HLnv3eLXTRBkkmX8uYzgyGADX
15,QmYg7NjWtVwkCZHPeVwYKpX99HAd66sDRNd1Prg9j45KtP
16,QmazebcCX1kL4tB86Ss3nNrwLqxZNRutZNHi1u7yz8sU4Y
17,QmS1MWtfgNxV87tRuwTujfGT6HBdNWRbFZAkzc76bRmJmN
18,QmYkf7Ghczfuu8zkBBoNEvskhRWMG4d8jDuoiJ8113NfMo
19,QmZz57q2zm2wvFRkwfEBZ2a9rbNRNFCy6X2k9wqJYRAR2g
20,QmRc2RtTtRXrBMRKWC7jznfKf2JkZxByafpXpASWUfuKDT
21,Qma1GnHxwNXFpjzFsrC25TSh45CNWE8rfCAYrMFFkspwtX
